GP,MPG,PTS,FG%,3P%,FT%,team,position,fname,lname,FGM,3PM,FTM
72,35.4,30.4,.449,.367,.858,Rockets,PG,James,Harden,9.0,3.7,8.7
75,36.4,28.1,.534,.340,.828,Pelicans,PF,Anthony,Davis,10.4,0.7,6.6
82,36.9,27.5,.542,.367,.731,Cavaliers,SF,LeBron,James,10.5,1.8,4.7
73,36.6,26.9,.439,.361,.916,Blazers,PG,Damian,Lillard,8.5,3.1,6.8
75,36.7,26.9,.529,.307,.760,Bucks,PF,Giannis,Antetokounmpo,9.9,0.6,6.5
51,32.0,26.4,.495,.423,.921,Warriors,PG,Stephen,Curry,8.4,4.2,5.5
68,34.2,26.4,.516,.419,.889,Warriors,SF,Kevin,Durant,9.3,2.5,5.3
80,36.4,25.4,.449,.298,.737,Thunder,PG,Russell,Westbrook,9.5,1.2,5.2
48,36.2,25.2,.470,.354,.746,Pelicans,C,DeMarcus,Cousins,8.5,2.2,6.1
54,34.5,24.9,.432,.383,.878,Suns,SG,Devin,Booker,8.4,2.7,5.4
60,32.2,24.4,.491,.408,.889,Celtics,PG,Kyrie,Irving,8.9,2.8,3.9
75,33.5,23.1,.510,.293,.837,Spurs,PF,LaMarcus,Aldridge,9.2,0.4,4.5
75,34.0,23.1,.477,.371,.799,Pacers,SG,Victor,Oladipo,8.5,2.1,3.9
80,33.9,23.0,.456,.310,.825,Raptors,SG,DeMar,DeRozan,8.1,1.1,5.8
63,30.3,22.9,.483,.308,.769,76ers,C,Joel,Embiid,8.1,1.0,5.7
48,32.4,22.7,.439,.395,.793,Knicks,PF,Kristaps,Porzingis,8.1,1.9,4.5
82,36.3,22.6,.460,.375,.791,Wizards,SG,Bradley,Beal,8.3,2.4,3.6
79,32.8,22.6,.435,.359,.880,Clippers,SG,Lou,Williams,7.4,2.4,5.5
59,36.7,22.2,.474,.350,.854,Timberwolves,SG,Jimmy,Butler,7.4,1.2,6.2
80,34.2,22.1,.431,.384,.864,Hornets,PG,Kemba,Walker,7.4,2.9,4.5
79,36.6,21.9,.430,.401,.822,Thunder,SF,Paul,George,7.3,3.1,4.3
58,34.0,21.4,.438,.345,.785,Clippers,PF,Blake,Griffin,7.5,1.9,4.5
81,36.1,21.4,.443,.397,.836,Blazers,SG,CJ,McCollum,8.2,2.3,2.6
82,35.6,21.3,.545,.421,.858,Timberwolves,C,Karl-Anthony,Towns,7.8,1.5,4.2
79,33.4,20.5,.437,.340,.805,Jazz,SG,Donovan,Mitchell,7.5,2.4,3.0
82,36.4,20.1,.466,.359,.884,Bucks,SF,Khris,Middleton,7.2,1.8,3.9
7,27.6,20.1,.500,.594,.870,Grizzlies,SG,MarShon,Brooks,7.3,2.7,2.9
73,34.3,20.0,.488,.440,.837,Warriors,SG,Klay,Thompson,7.9,3.1,1.1
65,33.0,19.6,.498,.222,.757,Suns,SF,TJ,Warren,8.1,0.3,3.0
41,34.4,19.4,.420,.371,.726,Wizards,PG,John,Wall,6.8,1.5,4.3
52,30.9,19.4,.452,.399,.785,Grizzlies,SG,Tyreke,Evans,7.0,2.2,3.2
67,31.0,19.4,.436,.290,.849,Hawks,PG,Dennis,Schroder,7.5,1.1,3.4
81,36.1,19.0,.494,.337,.786,Pelicans,PG,Jrue,Holiday,7.6,1.5,2.3
77,34.2,18.9,.445,.357,.827,Mavericks,SF,Harrison,Barnes,7.0,1.5,3.4
58,31.8,18.6,.460,.380,.919,Rockets,PG,Chris,Paul,6.3,2.5,3.5
80,33.4,18.6,.460,.411,.829,Clippers,SF,Tobias,Harris,7.0,2.3,2.2
75,32.5,18.5,.499,.396,.850,Nuggets,C,Nikola,Jokic,6.7,1.5,3.5
69,31.2,18.0,.428,.359,.809,Rockets,SG,Eric,Gordon,6.0,3.2,2.8
1,25.0,18.0,.417,.500,1.000,Nets,PG,Jeremy,Lin,5.0,1.0,7.0
57,32.2,17.8,.459,.379,.867,Magic,SG,Evan,Fournier,6.5,2.2,2.6
74,31.4,17.7,.473,.347,.795,Suns,PG,Eric,Bledsoe,6.3,1.7,3.4
82,36.3,17.7,.438,.331,.643,Timberwolves,SF,Andrew,Wiggins,6.9,1.4,2.5
58,32.9,17.6,.434,.336,.698,Magic,PF,Aaron,Gordon,6.5,2.0,2.7
59,28.0,17.6,.458,.415,.880,Cavaliers,C,Kevin,Love,5.7,2.3,4.0
57,33.1,17.5,.421,.317,.816,Knicks,SF,Tim Hardaway,Jr.,6.3,2.3,2.6
67,34.4,17.5,.485,.396,.827,Nuggets,SG,Gary,Harris,6.6,2.3,2.0
75,31.7,17.3,.450,.370,.801,Heat,PG,Goran,Dragic,6.5,1.5,2.9
73,33.0,17.2,.420,.341,.834,Grizzlies,C,Marc,Gasol,5.9,1.5,3.8
70,30.2,17.1,.460,.420,.904,76ers,SG,JJ,Redick,5.8,2.8,2.8
12,31.1,17.1,.381,.312,.803,Grizzlies,PG,Mike,Conley,5.3,2.0,4.4
24,27.3,16.7,.383,.341,.813,Bulls,PG,Zach,LaVine,5.7,1.8,3.6
81,31.7,16.7,.451,.378,.905,Nuggets,PG,Jamal,Murray,5.9,2.0,2.8
81,30.4,16.6,.555,.143,.574,Hornets,C,Dwight,Howard,6.2,0.0,4.1
57,29.5,16.5,.475,.314,.819,Magic,C,Nikola,Vucevic,7.0,1.1,1.4
78,32.2,16.2,.427,.399,.854,Raptors,PG,Kyle,Lowry,5.2,3.1,2.9
9,23.3,16.2,.468,.314,.816,Spurs,SF,Kawhi,Leonard,5.8,1.2,3.4
78,32.1,16.2,.404,.357,.767,Thunder,PF,Carmelo,Anthony,6.1,2.2,1.9
82,26.7,16.1,.558,.222,.718,Lakers,PF,Julius,Randle,6.1,0.1,3.7
77,31.2,16.1,.450,.366,.707,Lakers,PF,Kyle,Kuzma,6.1,2.1,1.9
59,33.5,16.1,.470,.390,.681,Lakers,SF,Brandon,Ingram,6.1,0.7,3.3
81,33.7,15.8,.545,.000,.560,76ers,PG,Ben,Simmons,6.7,0.0,2.4
81,33.1,15.7,.452,.370,.805,Nuggets,SF,Will,Barton,5.7,1.9,2.2
55,27.2,15.6,.447,.377,.818,Bulls,PF,Nikola,Mirotic,5.6,2.5,2.0
48,25.7,15.5,.414,.324,.740,Nets,PG,D'Angelo,Russell,5.8,1.9,2.0
21,32.0,15.3,.398,.324,.931,Clippers,SF,Danilo,Gallinari,4.9,1.7,3.9
68,29.7,15.2,.434,.362,.843,Bulls,PF,Lauri,Markkanen,5.5,2.1,2.1
69,29.7,15.2,.395,.313,.694,Mavericks,PG,Dennis Smith,Jr.,5.9,1.5,1.9
32,26.9,15.2,.373,.293,.893,Lakers,PG,Isaiah,Thomas,4.9,1.7,3.7
61,33.7,15.1,.424,.378,.642,Clippers,PG,Austin,Rivers,5.6,2.2,1.7
78,33.7,15.0,.529,.000,.605,Pistons,C,Andre,Drummond,6.0,0.0,3.1
77,31.6,14.7,.503,.441,.828,Wizards,SF,Otto Porter,Jr.,5.8,1.8,1.4
60,26.9,14.7,.429,.381,.860,Jazz,SG,Rodney,Hood,5.4,2.1,1.9
78,29.6,14.6,.453,.393,.860,76ers,PF,Dario,Saric,5.2,2.0,2.3
38,30.1,14.6,.464,.345,.696,Nuggets,PF,Paul,Millsap,5.3,1.0,2.9
45,26.7,14.6,.426,.308,.836,Pistons,PG,Reggie,Jackson,5.5,1.2,2.5
70,30.7,14.5,.465,.395,.644,Celtics,SG,Jaylen,Brown,5.3,1.7,2.1
59,25.6,14.5,.473,.347,.785,Kings,PF,Zach,Randolph,6.1,0.9,1.4
79,26.4,14.3,.505,.000,.630,Blazers,C,Jusuf,Nurkic,6.1,0.0,2.2
30,30.6,14.3,.398,.306,.739,Heat,SG,Dion,Waiters,5.4,1.7,1.7
80,30.8,14.3,.474,.402,.868,Pacers,SF,Bojan,Bogdanovic,5.1,1.9,2.2
46,31.2,14.3,.414,.369,.768,Clippers,SG,Avery,Bradley,5.6,1.6,1.4
70,33.0,14.2,.446,.368,.845,Timberwolves,PG,Jeff,Teague,5.1,1.2,2.9
82,30.0,14.1,.426,.385,.844,Hawks,SF,Taurean,Prince,5.1,2.1,1.9
71,25.8,14.1,.592,.000,.848,Knicks,C,Enes,Kanter,5.9,0.0,2.2
54,25.3,14.0,.540,1.000,.703,Heat,C,Hassan,Whiteside,5.8,0.0,2.4
69,29.4,13.9,.465,.338,.768,Magic,SF,Jonathon,Simmons,5.1,1.0,2.7
68,28.3,13.9,.472,.241,.788,Nets,SF,Rondae,Hollis-Jefferson,5.0,0.2,3.7
80,30.5,13.9,.475,.434,.826,Celtics,SF,Jayson,Tatum,5.0,1.3,2.7
76,32.7,13.9,.629,.000,.559,Thunder,C,Steven,Adams,5.9,0.0,2.1
81,23.3,13.9,.451,.352,.800,Lakers,PG,Jordan,Clarkson,5.3,1.4,1.9
74,27.5,13.9,.652,.000,.560,Rockets,C,Clint,Capela,6.0,0.0,1.9
54,26.7,13.6,.429,.368,.805,Celtics,PF,Marcus,Morris,4.9,1.6,2.3
56,32.4,13.5,.622,.000,.682,Jazz,C,Rudy,Gobert,4.9,0.0,3.6
80,25.3,13.5,.446,.431,.877,Kings,SG,Buddy,Hield,5.2,2.2,0.9
73,29.9,13.5,.414,.371,.764,Nets,SF,DeMarre,Carroll,4.5,2.0,2.6
52,29.3,13.4,.429,.321,.737,Bulls,PG,Kris,Dunn,5.5,0.8,1.6
74,33.2,13.4,.426,.383,.789,Lakers,SG,Kentavious,Caldwell-Pope,4.6,2.1,2.1
73,22.5,13.2,.471,.359,.769,Bulls,PF,Bobby,Portis,5.2,1.1,1.6
75,29.3,13.2,.408,.378,.852,Nets,SG,Allen,Crabbe,4.5,2.7,1.5
74,22.3,13.2,.507,.395,.780,Knicks,SF,Michael,Beasley,5.5,0.5,1.7
77,25.4,13.1,.417,.263,.634,Suns,SG,Josh,Jackson,5.1,0.7,2.3
77,29.3,13.1,.418,.352,.866,Jazz,PG,Ricky,Rubio,4.5,1.2,2.9
48,29.9,13.0,.485,.385,.882,Bucks,PG,Malcolm,Brogdon,5.1,1.3,1.6
74,23.4,13.0,.465,.345,.703,Lakers,C,Brook,Lopez,5.0,1.5,1.5
80,24.6,12.9,.457,.370,.861,Hornets,SG,Jeremy,Lamb,4.8,1.2,2.2
81,33.2,12.9,.451,.378,.845,Heat,SF,Josh,Richardson,4.9,1.6,1.5
72,31.6,12.9,.489,.429,.783,Celtics,PF,Al,Horford,5.1,1.3,1.3
65,27.5,12.9,.420,.394,.796,Hawks,SG,Kent,Bazemore,4.4,1.7,2.5
36,21.8,12.8,.503,.362,.649,Knicks,PG,Trey,Burke,5.4,1.1,1.0
73,28.0,12.8,.502,.250,.619,Kings,C,Willie,Cauley-Stein,5.3,0.0,2.1
65,28.2,12.7,.479,.357,.777,Pacers,C,Myles,Turner,4.7,0.9,2.5
63,33.8,12.7,.406,.381,.822,Mavericks,SG,Wesley,Matthews,4.5,2.4,1.3
77,22.4,12.7,.568,.405,.806,Raptors,C,Jonas,Valanciunas,5.1,0.4,2.2
63,28.7,12.7,.493,.326,.649,Suns,PG,Elfrid,Payton,5.2,0.5,1.7
76,27.5,12.6,.483,.360,.797,Raptors,PF,Serge,Ibaka,5.0,1.4,1.2
31,24.0,12.6,.482,.383,.741,Bucks,PF,Jabari,Parker,5.2,1.0,1.3
80,31.6,12.6,.413,.369,.853,76ers,SF,Robert,Covington,4.3,2.5,1.5
80,28.8,12.6,.387,.326,.813,Nets,PG,Spencer,Dinwiddie,4.1,1.8,2.7
82,31.5,12.5,.508,.425,.706,Pelicans,SF,E'Twaun,Moore,5.2,1.6,0.6
69,29.2,12.4,.495,.468,.882,Pacers,PG,Darren,Collison,4.6,1.4,1.8
77,28.0,12.3,.563,.222,.651,Jazz,PF,Derrick,Favors,5.1,0.2,1.8
82,33.3,12.2,.577,.200,.768,Timberwolves,PF,Taj,Gibson,5.2,0.1,1.7
11,30.4,12.2,.403,.400,.824,Clippers,PG,Patrick,Beverley,4.4,2.2,1.3
72,31.5,12.2,.371,.359,.823,Bulls,SG,Justin,Holiday,4.0,2.2,1.9
80,24.3,12.1,.441,.377,.908,76ers,SG,Marco,Belinelli,4.2,1.9,1.9
41,22.7,12.1,.407,.369,.850,Rockets,SG,Gerald,Green,4.1,2.7,1.2
71,26.3,12.1,.435,.347,.711,Nets,SG,Caris,LeVert,4.5,1.2,1.9
77,24.7,12.0,.456,.409,.898,Mavericks,C,Dirk,Nowitzki,4.5,1.8,1.3
77,31.5,12.0,.645,.000,.580,Clippers,C,DeAndre,Jordan,4.8,0.0,2.4
76,30.4,12.0,.454,.406,.919,Knicks,SG,Courtney,Lee,4.5,1.5,1.5
2,32.0,12.0,.471,.556,1.000,Lakers,SG,Andre,Ingram,4.0,2.5,1.5
64,26.4,11.8,.530,.286,.756,Bulls,C,Robin,Lopez,5.3,0.1,1.1
81,32.2,11.8,.487,.320,.598,Pacers,PF,Thaddeus,Young,5.2,0.7,0.7
81,27.5,11.8,.403,.341,.820,Wizards,SF,Kelly Oubre,Jr.,3.9,1.6,2.4
78,27.9,11.8,.446,.392,.840,Kings,SG,Bogdan,Bogdanovic,4.4,1.7,1.3
72,28.5,11.7,.435,.367,.822,Heat,SG,Tyler,Johnson,4.3,1.7,1.5
67,33.9,11.7,.412,.368,.854,Rockets,SF,Trevor,Ariza,4.0,2.5,1.1
74,24.5,11.6,.514,.351,.750,Pacers,C,Domantas,Sabonis,4.6,0.2,2.3
69,23.2,11.6,.439,.367,.784,Mavericks,PG,J.J.,Barea,4.4,1.7,1.2
64,31.0,11.6,.415,.336,.831,Hornets,SG,Nicolas,Batum,4.2,1.4,1.7
73,27.8,11.6,.412,.307,.723,Kings,PG,De'Aaron,Fox,4.5,0.6,1.9
73,27.0,11.5,.480,.367,.820,Wizards,PF,Markieff,Morris,4.5,1.0,1.4
57,21.6,11.5,.471,.314,.772,Spurs,SF,Rudy,Gay,4.4,0.6,2.0
76,23.4,11.5,.497,.379,.770,Heat,PF,Kelly,Olynyk,4.2,1.4,1.8
82,31.5,11.5,.467,.440,.795,Jazz,SF,Joe,Ingles,4.1,2.5,0.8
67,22.9,11.4,.438,.288,.714,Heat,SG,Dwyane,Wade,4.5,0.5,2.0
62,27.9,11.3,.489,.445,.796,Pistons,SG,Reggie,Bullock,4.3,2.0,0.6
80,25.9,11.3,.395,.381,.772,Celtics,PG,Terry,Rozier,4.0,1.9,1.4
77,26.5,11.2,.407,.392,.859,Heat,SG,Wayne,Ellington,3.7,2.9,0.9
79,23.2,11.1,.429,.380,.799,Hornets,PF,Frank,Kaminsky,3.9,1.3,2.0
70,32.7,11.0,.454,.301,.775,Warriors,PF,Draymond,Green,4.0,1.1,1.9
76,17.0,11.0,.635,.143,.626,Clippers,PF,Montrezl,Harrell,4.6,0.0,1.8
82,28.7,11.0,.440,.356,.747,Grizzlies,SF,Dillon,Brooks,4.1,1.1,1.5
82,24.9,10.9,.486,.347,.698,Pistons,PG,Ish,Smith,4.7,0.4,1.0
69,25.1,10.9,.452,.360,.778,76ers,PF,Ersan,Ilyasova,4.0,1.3,1.5
78,23.4,10.8,.477,.312,.868,Cavaliers,SF,Jeff,Green,3.8,0.7,2.6
78,25.3,10.8,.491,.419,.827,Nets,SF,Joe,Harris,3.9,1.9,1.1
73,26.6,10.8,.503,.308,.698,Heat,PF,James,Johnson,4.2,0.8,1.5
15,26.9,10.7,.408,.250,.759,Hawks,SG,Damion,Lee,4.1,1.0,1.5
74,24.1,10.5,.576,.340,.715,Hawks,PF,John,Collins,4.2,0.2,1.8
55,28.0,10.3,.457,.339,.721,Grizzlies,PF,JaMychal,Green,4.1,0.8,1.5
80,20.7,10.3,.415,.331,.903,Timberwolves,SG,Jamal,Crawford,3.9,1.3,1.3
51,20.4,10.3,.565,.000,.740,Suns,C,Greg,Monroe,4.3,0.0,1.7
82,27.8,10.2,.426,.373,.796,Mavericks,PG,Yogi,Ferrell,3.8,1.6,1.0
75,23.5,10.2,.452,.419,.868,Magic,PG,D.J.,Augustin,3.3,1.5,2.2
54,29.9,10.2,.367,.301,.729,Celtics,PG,Marcus,Smart,3.5,1.4,1.8
77,27.2,10.2,.417,.386,.745,Bulls,SF,Denzel,Valentine,3.9,1.9,0.5
52,34.2,10.2,.360,.305,.451,Lakers,PG,Lonzo,Ball,3.9,1.7,0.6
77,23.5,10.1,.458,.358,.756,Spurs,C,Pau,Gasol,3.7,0.6,2.1
82,25.7,10.0,.411,.372,.890,Spurs,PG,Patty,Mills,3.4,1.9,1.3
70,19.1,10.0,.379,.361,.835,Raptors,SF,CJ,Miles,3.2,2.3,1.2
74,31.6,10.0,.445,.358,.772,Nuggets,SF,Wilson,Chandler,3.8,1.2,1.2
67,27.0,10.0,.460,.415,.786,Kings,PG,George,Hill,3.5,1.3,1.6
62,24.9,10.0,.524,.355,.779,Hawks,C,Dewayne,Dedmon,4.0,0.8,1.1
73,19.1,9.9,.491,.381,.706,Nuggets,PF,Trey,Lyles,3.7,1.1,1.4
30,28.4,9.7,.445,.250,.782,Clippers,SG,Tyrone,Wallace,3.7,0.3,2.0
80,26.1,9.7,.404,.323,.818,Jazz,PF,Jae,Crowder,3.4,1.4,1.5
75,22.1,9.6,.442,.337,.819,Magic,SF,Mario,Hezonja,3.6,1.2,1.1
78,25.7,9.5,.458,.413,.829,Hornets,PF,Marvin,Williams,3.3,1.6,1.3
45,25.2,9.5,.419,.379,.848,Clippers,PG,Milos,Teodosic,3.4,2.0,0.9
56,23.7,9.5,.422,.331,.780,Grizzlies,SG,Andrew,Harrison,3.2,0.8,2.2
33,22.4,9.5,.484,.442,.880,Warriors,PG,Quinn,Cook,3.7,1.4,0.7
66,26.1,9.3,.431,.386,.774,Rockets,PF,Ryan,Anderson,3.1,2.0,1.1
69,30.0,9.3,.395,.369,.738,Blazers,PF,Al-Farouq,Aminu,3.3,1.8,0.9
36,19.1,9.3,.383,.265,.762,Suns,PG,Mike,James,3.4,0.7,1.8
35,19.7,9.3,.431,.402,.746,Grizzlies,SG,Wayne,Selden,3.3,1.4,1.3
82,22.6,9.2,.427,.289,.661,Pacers,SG,Lance,Stephenson,3.7,0.8,1.0
73,21.6,9.2,.459,.436,.889,Cavaliers,SG,Kyle,Korver,3.0,2.2,0.9
74,25.0,9.2,.504,.000,.684,Hornets,SF,Michael,Kidd-Gilchrist,3.8,0.0,1.6
79,22.2,8.9,.464,.436,.797,Pistons,PF,Anthony,Tolliver,2.8,2.0,1.3
79,20.5,8.9,.403,.400,.875,Suns,SG,Troy,Daniels,2.9,2.3,0.7
65,20.0,8.9,.434,.333,.840,Spurs,SG,Manu,Ginobili,3.1,1.0,1.7
25,23.3,8.8,.405,.385,.750,Bulls,PG,Cameron,Payne,3.5,1.4,0.5
76,18.5,8.8,.527,.405,.658,Wizards,PF,Mike,Scott,3.6,0.9,0.7
76,25.9,8.8,.572,.143,.570,Bucks,C,John,Henson,3.8,0.0,1.2
11,16.0,8.7,.533,.167,.536,Mavericks,PF,Johnathan,Motley,3.6,0.1,1.4
60,20.7,8.7,.448,.353,.805,Kings,PF,Skal,Labissiere,3.4,0.3,1.6
24,25.0,8.7,.398,.323,.750,Magic,SG,Terrence,Ross,3.2,1.3,1.1
74,20.7,8.7,.420,.376,.841,Blazers,PG,Shabazz,Napier,3.0,1.1,1.6
66,21.5,8.7,.581,.167,.664,Lakers,PF,Larry Nance,Jr.,3.6,0.0,1.4
69,27.4,8.7,.375,.286,.772,Pistons,SF,Stanley,Johnson,3.0,1.0,1.6
64,19.4,8.6,.388,.318,.760,Knicks,PG,Emmanuel,Mudiay,3.2,0.7,1.5
76,20.0,8.6,.426,.414,.832,Raptors,PG,Fred,VanVleet,3.1,1.4,1.1
20,21.1,8.6,.380,.333,.902,Suns,PG,Isaiah,Canaan,2.6,1.1,2.3
70,25.6,8.6,.387,.363,.769,Spurs,SG,Danny,Green,3.1,1.7,0.7
69,20.2,8.5,.566,.333,.684,Suns,C,Alex,Len,3.1,0.0,2.3
4,10.0,8.5,.609,.500,.000,Celtics,G,Jonathan,Gibson,3.5,1.5,0.0
79,21.2,8.5,.593,.333,.719,Mavericks,C,Dwight,Powell,3.2,0.4,1.7
81,20.3,8.4,.535,.291,.675,Thunder,SF,Jerami,Grant,3.0,0.4,2.0
65,24.8,8.4,.418,.392,.769,Kings,SF,Garrett,Temple,3.1,1.4,0.9
82,25.3,8.4,.518,.000,.675,Wizards,C,Marcin,Gortat,3.5,0.0,1.3
71,18.9,8.4,.412,.348,.835,Nuggets,PG,Devin,Harris,2.6,1.1,2.0
74,22.8,8.4,.416,.326,.745,Bulls,PG,Jerian,Grant,2.8,0.8,1.9
25,16.8,8.4,.435,.233,.870,Timberwolves,PG,Derrick,Rose,3.2,0.3,1.6
80,28.1,8.3,.403,.375,.696,Cavaliers,SG,JR,Smith,3.0,1.8,0.5
65,26.2,8.3,.468,.333,.543,Pelicans,PG,Rajon,Rondo,3.6,0.8,0.4
79,25.7,8.2,.447,.318,.850,Blazers,SF,Evan,Turner,3.3,0.5,1.2
38,21.2,8.2,.492,.381,.815,Jazz,SF,Thabo,Sefolosha,3.1,0.8,1.2
72,20.0,8.2,.589,.333,.776,Nets,C,Jarrett,Allen,3.3,0.1,1.6
14,16.8,8.1,.483,.278,.806,Jazz,PG,Dante,Exum,3.0,0.4,1.8
81,21.5,8.1,.443,.265,.709,Spurs,PG,Dejounte,Murray,3.3,0.1,1.3
69,20.8,8.0,.465,.366,.829,Raptors,PG,Delon,Wright,2.9,0.8,1.4
1,35.0,8.0,.333,.250,.500,Rockets,PG,Aaron,Jackson,3.0,1.0,1.0
19,16.5,7.9,.371,.288,.769,Bulls,SG,Antonio,Blakeney,2.8,0.8,1.6
52,18.9,7.9,.379,.360,.817,Kings,PG,Frank Mason,III,2.8,0.6,1.8
70,23.5,7.9,.478,.346,.655,Bulls,SF,David,Nwaba,2.9,0.3,1.9
82,27.0,7.9,.424,.353,.745,Pacers,PG,Cory,Joseph,3.1,0.8,0.9
74,26.7,7.9,.527,.333,.712,Spurs,SF,Kyle,Anderson,3.1,0.3,1.4
36,19.2,7.9,.462,.421,.630,Grizzlies,SF,Chandler,Parsons,3.0,1.4,0.5
63,23.2,7.9,.469,.396,.702,Lakers,SG,Josh,Hart,2.8,1.2,1.0
39,23.7,7.9,.416,.370,.795,76ers,PG,Jerryd,Bayless,2.8,1.4,0.9
71,23.4,7.8,.388,.288,.832,Suns,PG,Tyler,Ulis,3.0,0.6,1.2
68,24.7,7.8,.424,.380,.635,Heat,SF,Justise,Winslow,3.0,0.7,1.0
81,21.8,7.8,.467,.426,.790,Knicks,SF,Doug,McDermott,2.9,1.1,0.8
82,23.7,7.8,.444,.411,.866,Pelicans,SF,Darius,Miller,2.6,1.8,0.7
73,22.8,7.7,.446,.347,.767,Grizzlies,PF,Jarell,Martin,3.0,0.5,1.2
52,13.0,7.7,.395,.369,.727,Magic,PF,Marreese,Speights,2.7,1.7,0.8
72,21.2,7.7,.423,.295,.608,Suns,PF,Marquese,Chriss,2.8,0.8,1.3
64,16.5,7.7,.411,.331,.863,Jazz,SG,Alec,Burks,2.7,0.7,1.7
66,21.5,7.7,.379,.277,.855,Grizzlies,PG,Mario,Chalmers,2.5,0.8,1.8
55,19.5,7.7,.459,.270,.705,Spurs,PG,Tony,Parker,3.2,0.2,1.0
73,20.0,7.6,.443,.415,.855,Pistons,SG,Luke,Kennard,2.8,1.1,0.9
53,20.0,7.6,.458,.371,.919,Hawks,PF,Mike,Muscala,2.7,1.2,1.1
61,25.6,7.5,.481,.364,.684,Rockets,PF,Luc Mbah a,Moute,2.7,1.0,1.1
56,19.5,7.5,.421,.346,.828,Grizzlies,SG,Ben,McLemore,2.8,1.0,0.9
62,25.0,7.5,.427,.291,.840,Knicks,PG,Jarrett,Jack,3.0,0.4,1.0
74,19.6,7.4,.448,.318,.763,Pelicans,SG,Ian,Clark,3.0,0.8,0.6
29,14.7,7.4,.414,.333,.878,Pistons,PG,Dwight,Buycks,2.8,0.5,1.2
81,20.7,7.3,.508,.220,.621,Raptors,PF,Pascal,Siakam,3.1,0.4,0.7
80,17.4,7.3,.412,.377,.862,Warriors,SG,Nick,Young,2.5,1.5,0.7
56,17.4,7.2,.377,.362,.714,Hawks,SG,Tyler,Dorsey,2.6,1.3,0.8
73,22.5,7.2,.523,.465,.781,Wizards,SG,Tomas,Satoransky,2.8,0.6,1.0
77,18.0,7.1,.583,.235,.772,Knicks,C,Kyle,O'Quinn,2.9,0.1,1.3
14,18.1,7.1,.405,.000,.476,76ers,PG,Markelle,Fultz,3.2,0.0,0.7
72,22.3,7.1,.474,.333,.836,Grizzlies,SF,James Ennis,III,2.5,0.7,1.3
10,15.9,7.1,.439,.467,.000,Bucks,PF,Mirza,Teletovic,2.5,2.1,0.0
74,19.5,7.1,.601,.000,.458,Nuggets,C,Mason,Plumlee,3.0,0.0,1.1
33,19.0,7.1,.545,.667,.718,Hornets,C,Cody,Zeller,2.6,0.1,1.8
36,13.4,7.0,.534,.000,.833,Pacers,C,Al,Jefferson,3.1,0.0,0.8
15,18.3,7.0,.469,.429,.500,Clippers,SF,Jamil,Wilson,2.5,1.8,0.1
80,19.0,6.9,.421,.390,.667,Spurs,SG,Bryn,Forbes,2.6,1.1,0.6
82,18.6,6.9,.659,.500,.594,Raptors,C,Jakob,Poeltl,3.1,0.0,0.7
69,19.8,6.9,.512,.000,.721,Heat,C,Bam,Adebayo,2.5,0.0,1.9
82,16.6,6.9,.407,.354,.818,Thunder,PG,Raymond,Felton,2.7,1.0,0.4
75,27.4,6.9,.435,.403,.792,Bucks,SG,Tony,Snell,2.5,1.4,0.5
69,19.8,6.9,.430,.345,.711,Magic,PG,Shelvin,Mack,2.6,0.7,1.0
73,13.7,6.8,.571,.375,.759,Warriors,PF,David,West,3.0,0.0,0.8
67,20.5,6.8,.461,.415,.800,Timberwolves,PF,Nemanja,Bjelica,2.6,1.1,0.5
55,21.9,6.8,.406,.276,.889,Jazz,SG,Joe,Johnson,2.7,0.7,0.7
71,19.6,6.7,.571,.000,.446,Kings,C,Kosta,Koufos,3.1,0.0,0.5
20,16.4,6.7,.392,.354,.727,Knicks,PF,Luke,Kornet,2.5,1.4,0.4
63,13.5,6.7,.360,.342,.842,Hornets,SG,Malik,Monk,2.4,1.3,0.5
66,16.8,6.7,.560,.357,.722,Nets,C,Tyler,Zeller,2.8,0.2,0.9
9,25.9,6.7,.275,.209,.765,Mavericks,SG,Aaron,Harrison,2.1,1.0,1.4
68,22.1,6.7,.442,.308,.722,Kings,SF,Justin,Jackson,2.7,0.8,0.4
67,17.4,6.6,.418,.250,.702,Hawks,PG,Isaiah,Taylor,2.4,0.3,1.5
23,17.5,6.6,.434,.259,.806,Suns,SF,Danuel House,Jr.,2.4,0.7,1.1
23,16.7,6.6,.476,.231,.737,Suns,PG,Shaquille,Harrison,2.6,0.3,1.2
5,10.6,6.6,.444,.571,1.000,Pelicans,SG,Jordan,Crawford,2.4,1.6,0.2
52,14.6,6.5,.569,.000,.636,Rockets,C,Nene,Hilario,2.6,0.0,1.3
59,21.4,6.5,.495,.415,.712,Blazers,SF,Maurice,Harkless,2.5,0.8,0.7
46,25.0,6.5,.647,.000,.624,Suns,C,Tyson,Chandler,2.6,0.0,1.3
48,15.5,6.5,.560,.129,.661,76ers,PF,Richaun,Holmes,2.8,0.1,0.8
82,25.2,6.5,.386,.366,.765,Suns,PF,Dragan,Bender,2.3,1.4,0.5
5,17.2,6.4,.268,.231,.636,Suns,PG,Josh,Gray,2.2,0.6,1.4
52,12.3,6.3,.374,.319,.889,Nets,SG,Sean,Kilpatrick,2.1,0.9,1.2
21,14.6,6.3,.468,.289,.667,Knicks,SF,Troy,Williams,2.4,0.5,1.0
77,14.5,6.3,.399,.343,.863,Wizards,SG,Jodie,Meeks,2.0,0.9,1.3
68,17.0,6.3,.516,.242,.710,76ers,PF,Trevor,Booker,2.6,0.1,1.0
76,22.4,6.3,.499,.435,.795,76ers,PG,T.J.,McConnell,2.8,0.4,0.4
28,12.6,6.3,.558,.250,.724,76ers,C,Jahlil,Okafor,2.8,0.0,0.8
54,18.8,6.3,.382,.371,.804,Hawks,PG,Malcolm,Delaney,2.0,0.9,1.4
16,11.3,6.3,.465,.389,.684,Nets,SG,Isaiah,Whitehead,2.5,0.4,0.8
38,13.7,6.2,.431,.330,.737,76ers,SG,Justin,Anderson,2.3,0.9,0.7
58,14.9,6.2,.371,.344,.805,Pistons,SG,Langston,Galloway,2.2,1.3,0.6
32,20.1,6.1,.423,.282,1.000,Grizzlies,PG,Kobi,Simmons,2.5,0.3,0.8
82,27.8,6.1,.390,.371,.717,Rockets,SF,PJ,Tucker,2.1,1.4,0.5
39,8.7,6.0,.534,.000,.794,Clippers,C,Boban,Marjanovic,2.0,0.0,2.0
64,25.4,6.0,.463,.282,.632,Warriors,SF,Andre,Iguodala,2.3,0.5,0.9
16,18.1,6.0,.327,.250,.867,Magic,SG,Rodney,Purvis,2.2,0.8,0.8
81,18.3,6.0,.471,.143,.756,Celtics,C,Aron,Baynes,2.6,0.0,0.7
79,16.9,5.9,.479,.311,.775,Timberwolves,C,Gorgui,Dieng,2.4,0.2,1.0
78,21.9,5.9,.364,.318,.721,Knicks,PG,Frank,Ntilikina,2.3,0.6,0.6
77,14.1,5.9,.440,.373,.816,Spurs,C,Davis,Bertans,2.1,1.2,0.5
74,20.0,5.9,.471,.371,.629,Raptors,SF,OG,Anunoby,2.2,1.0,0.5
32,14.4,5.9,.514,.000,.706,Nuggets,PF,Kenneth,Faried,2.4,0.0,1.1
70,19.4,5.9,.356,.349,.817,Nets,SF,Quincy,Acy,1.9,1.5,0.7
21,21.3,5.9,.380,.299,.733,Mavericks,SF,Dorian,Finney-Smith,2.2,1.0,0.5
62,15.2,5.8,.608,.000,.667,Grizzlies,C,Deyonta,Davis,2.6,0.0,0.6
5,23.6,5.8,.286,.071,.444,Grizzlies,SG,Xavier,Rathan-Mayes,2.4,0.2,0.8
74,15.3,5.8,.466,.414,.807,Jazz,PF,Jonas,Jerebko,2.1,0.9,0.6
53,20.2,5.8,.562,.000,.544,Cavaliers,C,Tristan,Thompson,2.5,0.0,0.8
52,15.5,5.8,.375,.335,.793,76ers,SG,Timothe,Luwawu-Cabarrot,1.9,1.0,0.9
7,12.4,5.7,.481,.000,.737,Kings,C,Jack,Cooley,1.9,0.0,2.0
73,21.4,5.7,.451,.345,.596,Nets,SF,Dante,Cunningham,2.2,0.8,0.4
82,18.2,5.7,.520,.000,.650,Magic,C,Bismack,Biyombo,2.2,0.0,1.2
3,9.0,5.7,.583,.000,.600,Mavericks,PF,Jameel,Warney,2.3,0.0,1.0
53,14.0,5.7,.580,.455,.725,Warriors,F,Omri,Casspi,2.3,0.2,0.9
55,17.8,5.6,.591,.000,.667,Bulls,C,Cristiano,Felicio,2.3,0.0,1.0
36,14.3,5.6,.566,.000,.806,Grizzlies,PF,Ivan,Rabb,2.4,0.0,0.8
71,15.9,5.5,.501,.000,.820,Warriors,PG,Shaun,Livingston,2.4,0.0,0.7
70,15.2,5.5,.401,.285,.821,Raptors,SF,Norman,Powell,2.1,0.8,0.5
38,18.6,5.5,.442,.282,.813,Clippers,SF,C.J.,Williams,2.3,0.6,0.3
4,18.8,5.5,.429,.333,.000,Grizzlies,PF,Omari,Johnson,2.3,1.0,0.0
74,20.1,5.4,.408,.339,.741,Clippers,SF,Wesley,Johnson,2.0,0.8,0.6
7,11.4,5.4,.667,.800,.600,Blazers,PG,Wade Baldwin,IV,2.0,0.6,0.9
69,14.1,5.4,.564,.000,.806,Warriors,C,Zaza,Pachulia,2.2,0.0,1.1
58,17.7,5.4,.403,.345,.757,Kings,SG,Vince,Carter,2.0,1.0,0.5
82,18.1,5.4,.423,.352,.841,Blazers,SG,Pat,Connaughton,2.0,0.9,0.5
8,17.0,5.4,.417,.000,.867,Pistons,PF,Jon,Leuer,1.9,0.0,1.6
27,19.8,5.4,.379,.348,.760,Magic,PF,Jonathan,Isaac,2.0,0.6,0.7
72,16.8,5.4,.489,.313,.746,Mavericks,PF,Maximilian,Kleber,2.1,0.6,0.6
20,18.9,5.4,.376,.328,.600,Grizzlies,SF,Myke,Henry,2.1,1.0,0.3
78,18.9,5.3,.582,.000,.667,Blazers,PF,Ed,Davis,2.2,0.0,0.9
72,16.8,5.3,.449,.282,.722,Thunder,SG,Corey,Brewer,2.0,0.4,0.9
63,14.8,5.3,.541,.310,.753,Celtics,PF,Daniel,Theis,2.0,0.3,1.0
26,17.5,5.2,.414,.367,.576,Hawks,SF,DeAndre',Bembry,2.0,0.4,0.7
14,14.6,5.2,.375,.273,1.000,Bucks,PG,Brandon,Jennings,1.9,0.6,0.7
50,14.3,5.2,.423,.385,.773,Heat,SF,Luke,Babbitt,1.8,1.2,0.3
15,18.6,5.1,.392,.276,.583,Magic,SG,Jamel,Artis,2.1,0.5,0.5
48,10.3,5.1,.555,.417,.656,Hornets,C,Willy,Hernangomez,1.9,0.1,1.2
82,17.9,5.1,.457,.349,.877,Timberwolves,PG,Tyus,Jones,1.8,0.5,0.9
18,16.6,5.1,.493,.429,.500,Heat,SG,Rodney,McGruder,2.0,0.8,0.2
53,13.1,5.0,.491,.339,.895,Lakers,PF,Channing,Frye,2.0,0.7,0.3
43,9.7,5.0,.447,.259,.780,Timberwolves,SG,Shabazz,Muhammad,2.0,0.2,0.9
39,26.6,5.0,.537,.222,.316,Thunder,SG,Andre,Roberson,2.2,0.2,0.3
69,16.7,5.0,.423,.356,.803,Jazz,SF,Royce,O'Neale,1.7,0.6,0.9
28,13.6,5.0,.578,.000,.636,Grizzlies,F,Brandan,Wright,2.1,0.0,0.8
50,20.3,4.9,.389,.331,.800,Pistons,PG,Jameer,Nelson,1.9,0.8,0.3
54,16.2,4.9,.444,.303,.621,Blazers,PF,Noah,Vonleh,1.9,0.4,0.7
52,11.2,4.9,.580,.000,.758,Pelicans,PF,Cheick,Diallo,2.0,0.0,1.0
28,14.0,4.9,.359,.308,.772,Wizards,PG,Ramon,Sessions,1.5,0.3,1.6
48,16.2,4.8,.352,.278,.776,Clippers,PG,Jawun,Evans,1.9,0.3,0.8
74,16.7,4.8,.411,.298,.699,Bucks,C,Thon,Maker,1.8,0.4,0.9
65,9.5,4.8,.621,.000,.731,Warriors,C,JaVale,McGee,2.1,0.0,0.6
77,14.9,4.8,.556,.000,.703,Wizards,C,Ian,Mahinmi,1.8,0.0,1.2
36,10.5,4.8,.398,.326,.840,Hornets,PF,Johnny O'Bryant,III,1.9,0.4,0.6
75,15.1,4.7,.395,.380,.848,Thunder,SG,Alex,Abrines,1.5,1.1,0.5
39,13.3,4.7,.441,.360,.810,Hawks,F,Tyler,Cavanaugh,1.7,0.8,0.4
22,12.4,4.7,.484,.333,.524,Pelicans,SG,Tony,Allen,2.0,0.2,0.5
22,15.6,4.7,.543,.500,.625,Kings,SF,JaKarr,Sampson,2.0,0.2,0.5
6,16.3,4.7,.406,.200,.000,Hawks,SG,Jaylen,Morris,2.2,0.3,0.0
42,10.2,4.6,.669,.500,.582,Clippers,C,Willie,Reed,1.9,0.0,0.8
16,11.3,4.6,.382,.385,.632,Mavericks,SF,Jalen,Jones,1.6,0.6,0.8
74,15.8,4.6,.538,.313,.612,76ers,C,Amir,Johnson,1.9,0.1,0.7
15,13.9,4.6,.342,.367,.250,Hawks,SF,Andrew White,III,1.7,1.2,0.1
57,14.2,4.6,.627,.000,.682,Warriors,C,Jordan,Bell,2.0,0.0,0.5
52,16.1,4.6,.332,.237,.820,Hornets,PG,Michael,Carter-Williams,1.5,0.3,1.4
57,16.0,4.5,.503,.464,.800,Cavaliers,PG,Jose,Calderon,1.6,0.8,0.4
41,12.1,4.5,.457,.404,.743,Jazz,PG,Raul,Neto,1.7,0.5,0.6
18,13.3,4.4,.458,.222,.667,Knicks,PF,Isaiah,Hicks,1.8,0.1,0.7
14,19.7,4.4,.379,.269,.733,Cavaliers,SG,Iman,Shumpert,1.6,0.5,0.8
66,15.8,4.4,.398,.310,.643,Blazers,C,Zach,Collins,1.7,0.5,0.4
41,12.8,4.4,.390,.400,.724,76ers,SG,Nik,Stauskas,1.5,1.0,0.5
17,13.4,4.4,.347,.362,1.000,Lakers,SF,Travis,Wear,1.5,1.0,0.5
26,13.6,4.4,.505,.000,.818,Pelicans,C,Emeka,Okafor,1.8,0.0,0.7
30,15.7,4.4,.524,.000,.750,Mavericks,C,Nerlens,Noel,1.8,0.0,0.7
63,16.7,4.3,.434,.412,.695,Hornets,SG,Treveon,Graham,1.5,0.6,0.7
38,18.7,4.3,.362,.372,.926,Bucks,PG,Matthew,Dellavedova,1.4,0.8,0.7
55,16.7,4.3,.583,.000,.450,Hawks,C,Miles,Plumlee,1.9,0.0,0.5
54,14.4,4.3,.384,.360,.865,Celtics,PG,Shane,Larkin,1.6,0.6,0.6
42,13.8,4.2,.540,.000,.689,Magic,C,Khem,Birch,1.6,0.0,1.0
31,11.6,4.2,.559,.222,.767,Nets,C,Timofey,Mozgov,1.7,0.1,0.7
5,8.6,4.2,.700,.667,.833,Magic,PF,Adreian,Payne,1.4,0.4,1.0
39,16.1,4.2,.453,.293,.629,Nuggets,SG,Torrey,Craig,1.6,0.4,0.6
73,12.1,4.2,.494,.167,.661,Clippers,SF,Sam,Dekker,1.8,0.1,0.5
54,12.6,4.1,.420,.250,.759,Lakers,PG,Tyler,Ennis,1.7,0.3,0.4
44,10.8,4.1,.447,.324,.696,Knicks,SG,Damyean,Dotson,1.6,0.5,0.4
23,14.7,4.1,.424,.412,.818,Pacers,SG,Glenn Robinson,III,1.6,0.6,0.4
55,9.7,4.1,.516,.000,.638,Spurs,C,Joffrey,Lauvergne,1.8,0.0,0.5
20,11.3,4.1,.378,.310,.800,Suns,PF,Alec,Peters,1.4,0.9,0.4
73,18.5,4.1,.382,.403,.830,Knicks,SF,Lance,Thomas,1.4,0.7,0.6
66,13.8,4.0,.580,.200,.545,Warriors,SF,Kevon,Looney,1.7,0.0,0.6
23,12.3,4.0,.476,.125,.684,Heat,C,Jordan,Mickey,1.7,0.1,0.6
54,15.2,4.0,.346,.336,.760,Bulls,SF,Paul,Zipser,1.5,0.7,0.4
54,14.4,4.0,.400,.352,.875,Bucks,SG,Sterling,Brown,1.5,0.6,0.4
57,16.9,4.0,.409,.238,.765,Warriors,SG,Patrick,McCaw,1.6,0.3,0.5
5,14.0,4.0,.389,.000,.667,Suns,PF,Alan,Williams,1.4,0.0,1.2
1,22.0,4.0,.400,.000,.000,Rockets,C,Chinanu,Onuaku,2.0,0.0,0.0
38,8.7,4.0,.363,.333,.862,Pistons,PF,Henry,Ellenson,1.4,0.5,0.7
53,10.5,3.9,.430,.379,.759,Pacers,PG,Joe,Young,1.5,0.5,0.4
61,11.0,3.9,.484,.368,.565,Cavaliers,SF,Cedi,Osman,1.5,0.5,0.4
82,15.5,3.9,.399,.386,.870,Thunder,PF,Patrick,Patterson,1.3,0.8,0.5
73,15.8,3.9,.429,.377,.670,Clippers,SG,Sindarius,Thornwell,1.4,0.3,0.8
5,9.0,3.8,.350,.214,1.000,Rockets,SG,R.J.,Hunter,1.4,0.6,0.4
43,9.5,3.7,.500,.000,.765,Lakers,C,Ivica,Zubac,1.4,0.0,0.9
32,6.7,3.7,.731,.000,.724,Cavaliers,PF,Ante,Zizic,1.5,0.0,0.7
62,16.5,3.7,.427,.196,.723,Magic,SF,Wesley,Iwundu,1.5,0.1,0.5
3,24.7,3.7,.250,.250,.400,Grizzlies,G,Marquis,Teague,1.3,0.3,0.7
37,15.2,3.6,.431,.302,.700,Lakers,SG,Alex,Caruso,1.4,0.4,0.6
16,8.8,3.6,.300,.211,.917,Pistons,PG,Kay,Felder,1.3,0.3,0.7
51,10.5,3.5,.591,.091,.460,Rockets,PF,Tarik,Black,1.5,0.0,0.6
61,12.0,3.5,.642,.000,.576,Mavericks,C,Salah,Mejri,1.4,0.0,0.6
33,8.6,3.4,.391,.125,.905,Wizards,PF,Jason,Smith,1.4,0.1,0.6
26,12.5,3.4,.333,.300,.773,Raptors,SG,Malachi,Richardson,1.2,0.5,0.7
10,12.5,3.4,.277,.174,.500,Nets,SG,Milton,Doyle,1.3,0.4,0.4
5,7.0,3.4,.438,1.000,.667,Pelicans,PG,Walt Lemon,Jr.,1.4,0.2,0.4
33,7.7,3.4,.590,.423,.818,Blazers,C,Meyers,Leonard,1.4,0.3,0.3
53,12.9,3.4,.401,.386,.846,Magic,SG,Arron,Afflalo,1.2,0.5,0.4
6,13.3,3.3,.438,.364,.667,Heat,PF,Okaro,White,1.2,0.7,0.3
3,3.0,3.3,.667,.667,1.000,Jazz,PG,David,Stockton,0.7,0.7,1.3
3,8.3,3.3,.667,.000,1.000,Nuggets,PG,Monte,Morris,1.3,0.0,0.7
53,13.5,3.3,.375,.256,.800,Hornets,SF,Dwayne,Bacon,1.4,0.2,0.4
25,11.1,3.3,.387,.280,.833,Nuggets,PF,Juan,Hernangomez,1.2,0.6,0.4
51,16.0,3.3,.383,.348,.889,Bucks,SG,Jason,Terry,1.2,0.8,0.2
17,8.2,3.2,.485,.615,.700,Spurs,PG,Derrick,White,0.9,0.5,0.8
48,14.3,3.2,.393,.363,.771,Suns,SF,Jared,Dudley,1.0,0.6,0.6
62,9.5,3.2,.410,.341,.667,Nuggets,SG,Malik,Beasley,1.2,0.5,0.4
32,15.0,3.2,.384,.235,.525,Mavericks,PG,Kyle,Collinsworth,1.2,0.1,0.7
61,12.5,3.1,.414,.333,.900,Thunder,SG,Terrance,Ferguson,1.1,0.7,0.1
20,12.3,3.1,.396,.167,.667,Suns,SF,Derrick Jones,Jr.,1.1,0.2,0.8
48,10.9,3.0,.336,.354,.590,Celtics,SF,Abdel,Nader,1.0,0.5,0.5
23,9.6,3.0,.405,.240,.333,Bucks,PG,Gary Payton,II,1.3,0.3,0.1
21,11.5,3.0,.289,.289,.667,Suns,SG,Davon,Reed,1.0,0.5,0.4
13,8.8,3.0,.577,.429,.462,Celtics,SG,Jabari,Bird,1.2,0.2,0.5
9,13.6,3.0,.333,.250,.333,Raptors,SF,Nigel,Hayes,1.2,0.4,0.1
1,15.0,3.0,.500,.000,.500,Cavaliers,C,Kendrick,Perkins,1.0,0.0,1.0
1,4.0,3.0,1.000,1.000,.000,Timberwolves,SF,Anthony,Brown,1.0,1.0,0.0
1,1.0,3.0,1.000,1.000,.000,Jazz,G,Naz,Mitrou-Long,1.0,1.0,0.0
59,14.2,3.0,.395,.304,.767,Wizards,PG,Tim,Frazier,1.2,0.3,0.4
53,8.6,2.9,.471,.429,.625,Pacers,PF,T.J.,Leaf,1.2,0.3,0.2
7,9.1,2.9,.333,.400,1.000,Mavericks,SG,Gian,Clavell,0.9,0.9,0.3
19,7.4,2.8,.468,.348,.667,Nuggets,PF,Darrell,Arthur,1.2,0.4,0.1
6,10.2,2.8,.357,.300,.667,76ers,SG,James,Young,0.8,0.5,0.7
18,13.2,2.8,.442,.364,.800,Grizzlies,PG,Briante,Weber,1.1,0.2,0.4
73,15.8,2.7,.346,.320,.610,Celtics,PF,Semi,Ojeleye,0.9,0.5,0.3
3,6.0,2.7,.286,.286,1.000,76ers,SF,James Michael,McAdoo,0.7,0.7,0.7
63,12.9,2.6,.500,.000,.750,Jazz,C,Ekpe,Udoh,1.0,0.0,0.7
18,12.0,2.6,.326,.364,1.000,Hawks,PG,Josh,Magette,0.8,0.4,0.4
15,8.4,2.5,.464,.381,1.000,Raptors,SF,Malcolm,Miller,0.9,0.5,0.3
20,5.8,2.5,.328,.275,.500,Rockets,PG,Bobby,Brown,1.0,0.6,0.1
49,8.5,2.5,.613,.263,.679,Raptors,C,Lucas,Nogueira,1.0,0.1,0.4
29,13.3,2.4,.339,.333,.769,Knicks,SG,Ron,Baker,0.7,0.4,0.7
19,4.7,2.4,.429,.125,.643,Wizards,PF,Chris,McCullough,0.9,0.1,0.5
12,15.6,2.4,.268,.190,.500,Pelicans,SF,Solomon,Hill,0.9,0.3,0.3
5,5.6,2.4,.286,.250,1.000,Hornets,PG,Marcus,Paige,0.8,0.4,0.4
33,7.1,2.4,.426,.324,.682,Celtics,PF,Guerschon,Yabusele,0.8,0.4,0.5
18,5.4,2.4,.476,.000,.600,Grizzlies,PF,Brice,Johnson,1.1,0.0,0.2
32,5.9,2.3,.406,.355,.727,Timberwolves,PG,Aaron,Brooks,0.9,0.3,0.3
69,14.2,2.3,.330,.287,.300,Thunder,SG,Josh,Huestis,0.9,0.5,0.1
64,9.0,2.3,.433,.278,.512,Spurs,SG,Brandon,Paul,0.9,0.2,0.3
28,7.6,2.3,.411,.378,.667,Magic,G,Rashad,Vaughn,0.8,0.5,0.1
14,9.9,2.3,.412,.167,1.000,Raptors,PG,Lorenzo,Brown,1.0,0.1,0.1
27,7.0,2.3,.400,.125,.667,Blazers,PF,Caleb,Swanigan,0.9,0.0,0.4
24,7.3,2.3,.288,.306,.692,Cavaliers,G,John,Holland,0.7,0.5,0.4
12,8.9,2.2,.290,.176,.833,Raptors,SF,Bruno,Caboclo,0.8,0.3,0.4
67,12.0,2.1,.541,.000,.379,Pistons,PF,Eric,Moreland,1.0,0.0,0.2
17,7.2,2.1,.429,.000,.000,Kings,C,Georgios,Papagiannis,1.1,0.0,0.0
15,5.0,2.1,.684,.000,.385,Thunder,F,Nick,Collison,0.9,0.0,0.3
24,12.7,2.0,.415,.290,.833,Bulls,PG,Ryan,Arcidiacono,0.7,0.4,0.2
6,4.7,2.0,.455,.400,.000,Thunder,SG,Daniel,Hamilton,0.8,0.3,0.0
4,5.0,2.0,.571,.000,.000,Hornets,PF,Mangok,Mathiang,1.0,0.0,0.0
1,13.0,2.0,.500,.000,.000,Lakers,SF,Luol,Deng,1.0,0.0,0.0
1,5.0,2.0,.500,.000,.000,Celtics,SF,Gordon,Hayward,1.0,0.0,0.0
1,5.0,2.0,1.000,.000,.000,Hawks,F,Jeremy,Evans,1.0,0.0,0.0
1,2.0,2.0,1.000,.000,.000,Pacers,PG,Edmond,Sumner,1.0,0.0,0.0
1,13.0,2.0,.333,.000,.000,Wizards,SF,Devin,Robinson,1.0,0.0,0.0
1,4.0,2.0,.500,.000,.000,Timberwolves,C,Justin,Patton,1.0,0.0,0.0
23,8.5,2.0,.286,.136,.824,Bulls,SG,Quincy,Pondexter,0.6,0.1,0.6
12,4.9,1.9,.333,.400,.538,Thunder,SF,Kyle,Singler,0.6,0.2,0.6
16,9.2,1.8,.320,.412,1.000,Heat,PG,Derrick Walton,Jr.,0.5,0.4,0.4
31,5.2,1.8,.564,.000,.550,Thunder,C,Dakari,Johnson,0.7,0.0,0.4
8,6.5,1.8,.333,.000,.750,Bucks,C,Marshall,Plumlee,0.1,0.0,1.5
58,12.5,1.7,.377,.358,.400,Bucks,SG,DeAndre,Liggins,0.7,0.3,0.0
19,8.0,1.7,.333,.222,.750,Pacers,SG,Damien,Wilkins,0.7,0.2,0.2
7,5.7,1.7,.500,.000,.500,Knicks,C,Joakim,Noah,0.7,0.0,0.3
10,7.0,1.7,.292,.333,.000,76ers,PG,Larry Drew,II,0.7,0.3,0.0
15,5.9,1.7,.500,.000,.600,Warriors,C,Damian,Jones,0.7,0.0,0.2
3,3.7,1.7,.333,.200,.000,Heat,SG,Matt Williams,Jr.,0.7,0.3,0.0
14,5.7,1.6,.286,.294,.500,76ers,SG,Furkan,Korkmaz,0.6,0.4,0.1
10,12.0,1.6,.250,.211,.000,Nets,SF,James Webb,III,0.6,0.4,0.0
24,9.0,1.5,.680,.000,1.000,Lakers,C,Andrew,Bogut,0.7,0.0,0.1
20,8.2,1.5,.444,.286,.571,Nuggets,SF,Richard,Jefferson,0.6,0.1,0.2
14,3.8,1.5,.533,.333,.667,Raptors,SF,Alfonzo,McKinnie,0.6,0.2,0.1
10,3.9,1.5,.375,.200,.500,Mavericks,C,Jeff,Withey,0.6,0.2,0.1
6,6.3,1.5,.500,.000,.500,Bucks,PF,Joel,Bolomboy,0.5,0.0,0.5
4,1.8,1.5,.600,.000,.000,Grizzlies,SF,Vince,Hunter,0.8,0.0,0.0
15,4.8,1.5,.381,.100,.556,Lakers,C,Thomas,Bryant,0.5,0.1,0.3
42,5.3,1.4,.438,.267,.619,Timberwolves,SG,Marcus,Georges-Hunt,0.5,0.1,0.3
17,7.2,1.4,.381,.750,.667,Mavericks,SG,Antonius,Cleveland,0.5,0.2,0.2
3,4.3,1.3,.333,.000,1.000,Rockets,G,Tim,Quarterman,0.3,0.0,0.7
4,7.8,1.3,.286,.200,.000,Rockets,SG,Markel,Brown,0.5,0.3,0.0
18,10.1,1.2,.409,.000,.308,Bulls,C,Omer,Asik,0.5,0.0,0.2
18,6.9,1.2,.188,.105,.667,Rockets,PF,Zhou,Qi,0.3,0.1,0.4
11,2.7,1.2,.444,.000,.833,Pacers,C,Ike,Anigbogu,0.4,0.0,0.5
14,6.8,1.1,.263,.000,.857,Spurs,SG,Darrun,Hilliard,0.4,0.0,0.4
15,5.3,1.1,.389,.143,.500,76ers,PG,Demetrius,Jackson,0.5,0.1,0.1
18,5.9,1.1,.273,.000,.778,Celtics,SG,Kadeem,Allen,0.3,0.0,0.4
25,4.2,1.0,.423,.364,.000,Pacers,SF,Alex,Poythress,0.4,0.2,0.0
9,3.6,1.0,.364,.000,.500,Jazz,SF,Georges,Niang,0.4,0.0,0.1
4,8.0,1.0,.500,.000,.000,Spurs,SF,Matt,Costello,0.5,0.0,0.0
3,2.3,1.0,.500,.500,.000,Pistons,SG,Reggie,Hearn,0.3,0.3,0.0
2,4.5,1.0,.250,.000,.000,Lakers,PF,Derrick,Williams,0.5,0.0,0.0
2,1.5,1.0,.500,.000,.000,Thunder,PG,PJ,Dozier,0.5,0.0,0.0
1,8.0,1.0,.000,.000,.500,Mavericks,SG,Scotty,Hopson,0.0,0.0,1.0
35,4.6,1.0,.298,.200,.667,Blazers,SF,Jake,Layman,0.4,0.1,0.1
22,3.2,1.0,.563,.400,.500,Bucks,PF,D.J.,Wilson,0.4,0.1,0.0
9,3.2,0.9,.273,.000,1.000,Jazz,C,Tony,Bradley,0.3,0.0,0.2
23,7.6,0.8,.462,.462,.500,Hornets,PG,Julyan,Stone,0.3,0.3,0.0
5,6.6,0.8,.250,.500,.500,Nets,SF,Jacob,Wiley,0.2,0.2,0.2
3,4.0,0.7,.250,.000,.000,Pelicans,PF,Josh,Smith,0.3,0.0,0.0
3,2.0,0.7,.500,.000,.000,76ers,PG,Jacob,Pullen,0.3,0.0,0.0
5,9.0,0.6,.200,.000,.500,Lakers,SG,Vander,Blue,0.2,0.0,0.2
21,2.3,0.6,.333,.000,.333,Timberwolves,C,Cole,Aldrich,0.2,0.0,0.1
14,5.1,0.6,.200,.125,.500,Heat,PF,Udonis,Haslem,0.2,0.1,0.1
14,4.7,0.5,.154,.000,.600,Cavaliers,G,London,Perrantes,0.1,0.0,0.2
6,3.5,0.5,.167,.000,.500,Bucks,PG,Xavier,Munford,0.2,0.0,0.2
13,2.9,0.5,.143,.125,.500,Pelicans,SG,Charles,Cooke,0.2,0.1,0.1
5,3.8,0.4,.167,.000,.000,Jazz,PG,Nate,Wolters,0.2,0.0,0.0
2,3.0,0.0,.000,.000,.000,Mavericks,PF,Josh,McRoberts,0.0,0.0,0.0
2,3.5,0.0,.000,.000,.000,Celtics,G,Xavier,Silas,0.0,0.0,0.0
1,1.0,0.0,.000,.000,.000,Pacers,SG,Trey,McKinney-Jones,0.0,0.0,0.0
3,3.0,0.0,.000,.000,.000,Bulls,SG,Jarell,Eddie,0.0,0.0,0.0
4,2.0,0.0,.000,.000,.000,Jazz,SF,Erik,McCree,0.0,0.0,0.0
2,4.5,0.0,.000,.000,.000,Pacers,PF,Ben,Moore,0.0,0.0,0.0
1,2.0,0.0,.000,.000,.000,Knicks,F,Mindaugas,Kuzminskas,0.0,0.0,0.0
2,4.0,0.0,.000,.000,.000,Pistons,SG,Luis,Montero,0.0,0.0,0.0
4,2.5,0.0,.000,.000,.000,Hawks,SF,Nicolas,Brussino,0.0,0.0,0.0
1,2.0,0.0,.000,.000,.000,Nuggets,PF,Tyler,Lydon,0.0,0.0,0.0
1,1.0,0.0,.000,.000,.000,Warriors,F,Chris,Boucher,0.0,0.0,0.0
